,mean_fit_time,std_fit_time,mean_score_time,std_score_time,param_alpha,param_random_state,params,split0_test_score,split1_test_score,split2_test_score,split3_test_score,split4_test_score,split5_test_score,split6_test_score,split7_test_score,split8_test_score,split9_test_score,mean_test_score,std_test_score,rank_test_score
0,0.02617478370666504,0.020864584470189473,0.0,0.0,0.001,12345,"{'alpha': 0.001, 'random_state': 12345}",0.05240191404728134,-0.025967885839048632,0.8997492565960002,0.5413981946636965,-2.634840755417166,0.0733505380177103,-0.42965279212372476,0.6931359913446042,0.09284238598444805,0.8796485137693977,0.0142065361043199,0.974641940071525,25
1,0.021587395668029787,0.01217773905400722,0.0,0.0,0.001,123,"{'alpha': 0.001, 'random_state': 123}",0.05240191404728134,-0.025967885839048632,0.8997492565960002,0.5413981946636965,-2.634840755417166,0.0733505380177103,-0.42965279212372476,0.6931359913446042,0.09284238598444805,0.8796485137693977,0.0142065361043199,0.974641940071525,25
2,0.021096396446228027,0.007921640568407665,0.0,0.0,0.001,666,"{'alpha': 0.001, 'random_state': 666}",0.05240191404728134,-0.025967885839048632,0.8997492565960002,0.5413981946636965,-2.634840755417166,0.0733505380177103,-0.42965279212372476,0.6931359913446042,0.09284238598444805,0.8796485137693977,0.0142065361043199,0.974641940071525,25
3,0.030152368545532226,0.03137214970362658,0.001007223129272461,0.002425964017896523,0.001,123123,"{'alpha': 0.001, 'random_state': 123123}",0.05240191404728134,-0.025967885839048632,0.8997492565960002,0.5413981946636965,-2.634840755417166,0.0733505380177103,-0.42965279212372476,0.6931359913446042,0.09284238598444805,0.8796485137693977,0.0142065361043199,0.974641940071525,25
4,0.021117568016052246,0.009476582175095536,0.0,0.0,0.001,777,"{'alpha': 0.001, 'random_state': 777}",0.05240191404728134,-0.025967885839048632,0.8997492565960002,0.5413981946636965,-2.634840755417166,0.0733505380177103,-0.42965279212372476,0.6931359913446042,0.09284238598444805,0.8796485137693977,0.0142065361043199,0.974641940071525,25
5,0.01887781620025635,0.007465159358070041,0.0008026123046875,0.0024078369140625,0.001,69,"{'alpha': 0.001, 'random_state': 69}",0.05240191404728134,-0.025967885839048632,0.8997492565960002,0.5413981946636965,-2.634840755417166,0.0733505380177103,-0.42965279212372476,0.6931359913446042,0.09284238598444805,0.8796485137693977,0.0142065361043199,0.974641940071525,25
6,0.015361142158508301,0.017473101120704305,0.003124856948852539,0.006249714075974198,0.005,12345,"{'alpha': 0.005, 'random_state': 12345}",-0.019372921204577453,-0.007439839638492929,0.902456843061198,0.6243933673249665,-1.938591391324866,0.12693622602411614,-0.3005202393657742,0.7075399281217121,0.26260678942532756,0.8962054148633382,0.12542141772869478,0.7927636340940593,13
7,0.010800600051879883,0.00958270498721954,0.0002014636993408203,0.0006043910980224609,0.005,123,"{'alpha': 0.005, 'random_state': 123}",-0.019372921204577453,-0.007439839638492929,0.902456843061198,0.6243933673249665,-1.938591391324866,0.12693622602411614,-0.3005202393657742,0.7075399281217121,0.26260678942532756,0.8962054148633382,0.12542141772869478,0.7927636340940593,13
8,0.010245084762573242,0.006054860911094443,0.0,0.0,0.005,666,"{'alpha': 0.005, 'random_state': 666}",-0.019372921204577453,-0.007439839638492929,0.902456843061198,0.6243933673249665,-1.938591391324866,0.12693622602411614,-0.3005202393657742,0.7075399281217121,0.26260678942532756,0.8962054148633382,0.12542141772869478,0.7927636340940593,13
9,0.010634660720825195,0.005157927287778674,0.0,0.0,0.005,123123,"{'alpha': 0.005, 'random_state': 123123}",-0.019372921204577453,-0.007439839638492929,0.902456843061198,0.6243933673249665,-1.938591391324866,0.12693622602411614,-0.3005202393657742,0.7075399281217121,0.26260678942532756,0.8962054148633382,0.12542141772869478,0.7927636340940593,13
10,0.009831929206848144,0.005774991492637623,0.0010028600692749024,0.0024131654798826984,0.005,777,"{'alpha': 0.005, 'random_state': 777}",-0.019372921204577453,-0.007439839638492929,0.902456843061198,0.6243933673249665,-1.938591391324866,0.12693622602411614,-0.3005202393657742,0.7075399281217121,0.26260678942532756,0.8962054148633382,0.12542141772869478,0.7927636340940593,13
11,0.016008925437927247,0.016767870799154577,0.000802302360534668,0.0024069070816040037,0.005,69,"{'alpha': 0.005, 'random_state': 69}",-0.019372921204577453,-0.007439839638492929,0.902456843061198,0.6243933673249665,-1.938591391324866,0.12693622602411614,-0.3005202393657742,0.7075399281217121,0.26260678942532756,0.8962054148633382,0.12542141772869478,0.7927636340940593,13
12,0.004686880111694336,0.007159327757229734,0.0,0.0,0.01,12345,"{'alpha': 0.01, 'random_state': 12345}",-0.02953842381341687,-0.020246516150977723,0.9022566534887528,0.640704689292299,-1.2029635167579684,0.05758172646831161,-0.24118518780119813,0.6684510929604105,0.30973891021122046,0.9023995415617024,0.19871989694591358,0.6080010850812353,7
13,0.006899333000183106,0.007365550832035972,0.0,0.0,0.01,123,"{'alpha': 0.01, 'random_state': 123}",-0.02953842381341687,-0.020246516150977723,0.9022566534887528,0.640704689292299,-1.2029635167579684,0.05758172646831161,-0.24118518780119813,0.6684510929604105,0.30973891021122046,0.9023995415617024,0.19871989694591358,0.6080010850812353,7
14,0.0046864509582519535,0.007158672092246384,0.0015620708465576172,0.004686212539672851,0.01,666,"{'alpha': 0.01, 'random_state': 666}",-0.02953842381341687,-0.020246516150977723,0.9022566534887528,0.640704689292299,-1.2029635167579684,0.05758172646831161,-0.24118518780119813,0.6684510929604105,0.30973891021122046,0.9023995415617024,0.19871989694591358,0.6080010850812353,7
15,0.006423568725585938,0.0075139618416733165,0.0,0.0,0.01,123123,"{'alpha': 0.01, 'random_state': 123123}",-0.02953842381341687,-0.020246516150977723,0.9022566534887528,0.640704689292299,-1.2029635167579684,0.05758172646831161,-0.24118518780119813,0.6684510929604105,0.30973891021122046,0.9023995415617024,0.19871989694591358,0.6080010850812353,7
16,0.006036543846130371,0.004221519737801851,0.0,0.0,0.01,777,"{'alpha': 0.01, 'random_state': 777}",-0.02953842381341687,-0.020246516150977723,0.9022566534887528,0.640704689292299,-1.2029635167579684,0.05758172646831161,-0.24118518780119813,0.6684510929604105,0.30973891021122046,0.9023995415617024,0.19871989694591358,0.6080010850812353,7
17,0.0066222667694091795,0.004016997259044902,0.00020716190338134765,0.0006038161694899705,0.01,69,"{'alpha': 0.01, 'random_state': 69}",-0.02953842381341687,-0.020246516150977723,0.9022566534887528,0.640704689292299,-1.2029635167579684,0.05758172646831161,-0.24118518780119813,0.6684510929604105,0.30973891021122046,0.9023995415617024,0.19871989694591358,0.6080010850812353,7
18,0.0020235776901245117,0.0031246950025298616,0.0,0.0,0.05,12345,"{'alpha': 0.05, 'random_state': 12345}",-0.025559819933732575,0.16380237582387625,0.7142824827862045,0.5228472442064598,0.05500941284617289,0.0022477576770240093,-0.12517362005336663,0.5385523040057814,0.10830990747287672,0.6754019614536884,0.26297200062849846,0.29935721978604146,1
19,0.0010045289993286133,0.002417659193475967,0.0010071277618408203,0.002415339806848146,0.05,123,"{'alpha': 0.05, 'random_state': 123}",-0.025559819933732575,0.16380237582387625,0.7142824827862045,0.5228472442064598,0.05500941284617289,0.0022477576770240093,-0.12517362005336663,0.5385523040057814,0.10830990747287672,0.6754019614536884,0.26297200062849846,0.29935721978604146,1
20,0.0018055200576782226,0.00316287903197834,0.0002015829086303711,0.0006047487258911133,0.05,666,"{'alpha': 0.05, 'random_state': 666}",-0.025559819933732575,0.16380237582387625,0.7142824827862045,0.5228472442064598,0.05500941284617289,0.0022477576770240093,-0.12517362005336663,0.5385523040057814,0.10830990747287672,0.6754019614536884,0.26297200062849846,0.29935721978604146,1
21,0.0004033088684082031,0.0008066178495705148,0.0008033990859985351,0.0024101972579956056,0.05,123123,"{'alpha': 0.05, 'random_state': 123123}",-0.025559819933732575,0.16380237582387625,0.7142824827862045,0.5228472442064598,0.05500941284617289,0.0022477576770240093,-0.12517362005336663,0.5385523040057814,0.10830990747287672,0.6754019614536884,0.26297200062849846,0.29935721978604146,1
22,0.0010044574737548828,0.002416621312040668,0.0,0.0,0.05,777,"{'alpha': 0.05, 'random_state': 777}",-0.025559819933732575,0.16380237582387625,0.7142824827862045,0.5228472442064598,0.05500941284617289,0.0022477576770240093,-0.12517362005336663,0.5385523040057814,0.10830990747287672,0.6754019614536884,0.26297200062849846,0.29935721978604146,1
23,0.0015623807907104493,0.004687142372131348,0.0010007381439208984,0.003002214431762695,0.05,69,"{'alpha': 0.05, 'random_state': 69}",-0.025559819933732575,0.16380237582387625,0.7142824827862045,0.5228472442064598,0.05500941284617289,0.0022477576770240093,-0.12517362005336663,0.5385523040057814,0.10830990747287672,0.6754019614536884,0.26297200062849846,0.29935721978604146,1
24,0.0001472949981689453,0.000441884994506836,0.0,0.0,0.1,12345,"{'alpha': 0.1, 'random_state': 12345}",-0.01626368452331839,0.003752599048057248,0.1710483144393855,0.11984806092176459,0.01777039615911602,-0.007908228926000627,-0.08436162938626013,0.17870348109812317,-0.03720240464505453,0.12153046960584613,0.0466917373791659,0.0881375682135508,19
25,0.0031248092651367187,0.006249618640329012,0.0,0.0,0.1,123,"{'alpha': 0.1, 'random_state': 123}",-0.01626368452331839,0.003752599048057248,0.1710483144393855,0.11984806092176459,0.01777039615911602,-0.007908228926000627,-0.08436162938626013,0.17870348109812317,-0.03720240464505453,0.12153046960584613,0.0466917373791659,0.0881375682135508,19
26,0.001562643051147461,0.0046879291534423825,0.0004010200500488281,0.0012030601501464844,0.1,666,"{'alpha': 0.1, 'random_state': 666}",-0.01626368452331839,0.003752599048057248,0.1710483144393855,0.11984806092176459,0.01777039615911602,-0.007908228926000627,-0.08436162938626013,0.17870348109812317,-0.03720240464505453,0.12153046960584613,0.0466917373791659,0.0881375682135508,19
27,0.001562213897705078,0.0046866416931152345,0.0,0.0,0.1,123123,"{'alpha': 0.1, 'random_state': 123123}",-0.01626368452331839,0.003752599048057248,0.1710483144393855,0.11984806092176459,0.01777039615911602,-0.007908228926000627,-0.08436162938626013,0.17870348109812317,-0.03720240464505453,0.12153046960584613,0.0466917373791659,0.0881375682135508,19
28,0.0015619993209838867,0.00468599796295166,0.0,0.0,0.1,777,"{'alpha': 0.1, 'random_state': 777}",-0.01626368452331839,0.003752599048057248,0.1710483144393855,0.11984806092176459,0.01777039615911602,-0.007908228926000627,-0.08436162938626013,0.17870348109812317,-0.03720240464505453,0.12153046960584613,0.0466917373791659,0.0881375682135508,19
29,0.0015621423721313477,0.004686427116394043,0.0,0.0,0.1,69,"{'alpha': 0.1, 'random_state': 69}",-0.01626368452331839,0.003752599048057248,0.1710483144393855,0.11984806092176459,0.01777039615911602,-0.007908228926000627,-0.08436162938626013,0.17870348109812317,-0.03720240464505453,0.12153046960584613,0.0466917373791659,0.0881375682135508,19
30,0.0022127389907836913,0.004872312969090321,0.0,0.0,0.5,12345,"{'alpha': 0.5, 'random_state': 12345}",-0.0004631416565827884,-0.1511160851547524,-0.12639140044009456,-0.002417092468228299,-0.14524033787201795,-0.03330207056788215,-0.006466693203842633,-0.003428431282271216,-0.22802969068828327,-0.10207299918071433,-0.07989279425146696,0.0772412592526201,31
31,0.0015625476837158204,0.004687643051147461,0.0,0.0,0.5,123,"{'alpha': 0.5, 'random_state': 123}",-0.0004631416565827884,-0.1511160851547524,-0.12639140044009456,-0.002417092468228299,-0.14524033787201795,-0.03330207056788215,-0.006466693203842633,-0.003428431282271216,-0.22802969068828327,-0.10207299918071433,-0.07989279425146696,0.0772412592526201,31
32,0.0031242609024047852,0.006248521805036998,0.0,0.0,0.5,666,"{'alpha': 0.5, 'random_state': 666}",-0.0004631416565827884,-0.1511160851547524,-0.12639140044009456,-0.002417092468228299,-0.14524033787201795,-0.03330207056788215,-0.006466693203842633,-0.003428431282271216,-0.22802969068828327,-0.10207299918071433,-0.07989279425146696,0.0772412592526201,31
33,0.0,0.0,0.0015621185302734375,0.0046863555908203125,0.5,123123,"{'alpha': 0.5, 'random_state': 123123}",-0.0004631416565827884,-0.1511160851547524,-0.12639140044009456,-0.002417092468228299,-0.14524033787201795,-0.03330207056788215,-0.006466693203842633,-0.003428431282271216,-0.22802969068828327,-0.10207299918071433,-0.07989279425146696,0.0772412592526201,31
34,0.0015621423721313477,0.004686427116394043,0.0,0.0,0.5,777,"{'alpha': 0.5, 'random_state': 777}",-0.0004631416565827884,-0.1511160851547524,-0.12639140044009456,-0.002417092468228299,-0.14524033787201795,-0.03330207056788215,-0.006466693203842633,-0.003428431282271216,-0.22802969068828327,-0.10207299918071433,-0.07989279425146696,0.0772412592526201,31
35,0.0022150278091430664,0.0048743341751899035,0.00020143985748291015,0.0006043195724487304,0.5,69,"{'alpha': 0.5, 'random_state': 69}",-0.0004631416565827884,-0.1511160851547524,-0.12639140044009456,-0.002417092468228299,-0.14524033787201795,-0.03330207056788215,-0.006466693203842633,-0.003428431282271216,-0.22802969068828327,-0.10207299918071433,-0.07989279425146696,0.0772412592526201,31
36,0.0010056018829345704,0.002414504953793009,0.0,0.0,1,12345,"{'alpha': 1, 'random_state': 12345}",-0.0004631416565827884,-0.1511160851547524,-0.12639140044009456,-0.002417092468228299,-0.14524033787201795,-0.03330207056788215,-0.006466693203842633,-0.003428431282271216,-0.22802969068828327,-0.10207299918071433,-0.07989279425146696,0.0772412592526201,31
37,0.0010035514831542968,0.002414878054337195,0.0008014440536499023,0.002404332160949707,1,123,"{'alpha': 1, 'random_state': 123}",-0.0004631416565827884,-0.1511160851547524,-0.12639140044009456,-0.002417092468228299,-0.14524033787201795,-0.03330207056788215,-0.006466693203842633,-0.003428431282271216,-0.22802969068828327,-0.10207299918071433,-0.07989279425146696,0.0772412592526201,31
38,0.0018244266510009765,0.0034201517561796213,0.0,0.0,1,666,"{'alpha': 1, 'random_state': 666}",-0.0004631416565827884,-0.1511160851547524,-0.12639140044009456,-0.002417092468228299,-0.14524033787201795,-0.03330207056788215,-0.006466693203842633,-0.003428431282271216,-0.22802969068828327,-0.10207299918071433,-0.07989279425146696,0.0772412592526201,31
39,0.00020139217376708985,0.0006041765213012695,0.0008018970489501953,0.0024056911468505857,1,123123,"{'alpha': 1, 'random_state': 123123}",-0.0004631416565827884,-0.1511160851547524,-0.12639140044009456,-0.002417092468228299,-0.14524033787201795,-0.03330207056788215,-0.006466693203842633,-0.003428431282271216,-0.22802969068828327,-0.10207299918071433,-0.07989279425146696,0.0772412592526201,31
40,0.002006125450134277,0.003104859196767767,0.0,0.0,1,777,"{'alpha': 1, 'random_state': 777}",-0.0004631416565827884,-0.1511160851547524,-0.12639140044009456,-0.002417092468228299,-0.14524033787201795,-0.03330207056788215,-0.006466693203842633,-0.003428431282271216,-0.22802969068828327,-0.10207299918071433,-0.07989279425146696,0.0772412592526201,31
41,0.001312422752380371,0.00268684827146139,0.0012024879455566407,0.002362827151231476,1,69,"{'alpha': 1, 'random_state': 69}",-0.0004631416565827884,-0.1511160851547524,-0.12639140044009456,-0.002417092468228299,-0.14524033787201795,-0.03330207056788215,-0.006466693203842633,-0.003428431282271216,-0.22802969068828327,-0.10207299918071433,-0.07989279425146696,0.0772412592526201,31
42,0.02488729953765869,0.013820648555482677,0.0,0.0,0.001,12345,"{'alpha': 0.001, 'random_state': 12345}",0.5941400909409593,0.3061855169138895,0.6239581532509342,0.5759556583131041,0.14152190277407706,-0.02827430110561635,0.6825559808582595,0.4671939249614738,0.12803064429752342,0.12810311769615002,0.36193706889007543,0.24404902533133976,13
43,0.03394901752471924,0.033876688202083255,0.0,0.0,0.001,123,"{'alpha': 0.001, 'random_state': 123}",0.5941400909409593,0.3061855169138895,0.6239581532509342,0.5759556583131041,0.14152190277407706,-0.02827430110561635,0.6825559808582595,0.4671939249614738,0.12803064429752342,0.12810311769615002,0.36193706889007543,0.24404902533133976,13
44,0.02424345016479492,0.01744842476429353,0.0018044710159301758,0.0031616778248994832,0.001,666,"{'alpha': 0.001, 'random_state': 666}",0.5941400909409593,0.3061855169138895,0.6239581532509342,0.5759556583131041,0.14152190277407706,-0.02827430110561635,0.6825559808582595,0.4671939249614738,0.12803064429752342,0.12810311769615002,0.36193706889007543,0.24404902533133976,13
45,0.032042646408081056,0.021404694005906312,0.0,0.0,0.001,123123,"{'alpha': 0.001, 'random_state': 123123}",0.5941400909409593,0.3061855169138895,0.6239581532509342,0.5759556583131041,0.14152190277407706,-0.02827430110561635,0.6825559808582595,0.4671939249614738,0.12803064429752342,0.12810311769615002,0.36193706889007543,0.24404902533133976,13
46,0.02428569793701172,0.014857856966372499,0.0018047094345092773,0.003162417533226708,0.001,777,"{'alpha': 0.001, 'random_state': 777}",0.5941400909409593,0.3061855169138895,0.6239581532509342,0.5759556583131041,0.14152190277407706,-0.02827430110561635,0.6825559808582595,0.4671939249614738,0.12803064429752342,0.12810311769615002,0.36193706889007543,0.24404902533133976,13
47,0.03388237953186035,0.021028935075819523,0.0,0.0,0.001,69,"{'alpha': 0.001, 'random_state': 69}",0.5941400909409593,0.3061855169138895,0.6239581532509342,0.5759556583131041,0.14152190277407706,-0.02827430110561635,0.6825559808582595,0.4671939249614738,0.12803064429752342,0.12810311769615002,0.36193706889007543,0.24404902533133976,13
48,0.009496068954467774,0.007547142441399289,0.0,0.0,0.005,12345,"{'alpha': 0.005, 'random_state': 12345}",0.6133452747028363,0.29796761495086654,0.628727312012181,0.6683618083070517,0.18340579850511796,0.2032727564352379,0.7435389893943636,0.47744630010174616,0.11010844660733843,0.1485311222174247,0.4074705423234165,0.2316480735007126,7
49,0.006968903541564942,0.007346251974251347,0.0015625,0.004687500000000001,0.005,123,"{'alpha': 0.005, 'random_state': 123}",0.6133452747028363,0.29796761495086654,0.628727312012181,0.6683618083070517,0.18340579850511796,0.2032727564352379,0.7435389893943636,0.47744630010174616,0.11010844660733843,0.1485311222174247,0.4074705423234165,0.2316480735007126,7
50,0.007978177070617676,0.003740653676960252,9.97781753540039e-05,0.0002993345260620117,0.005,666,"{'alpha': 0.005, 'random_state': 666}",0.6133452747028363,0.29796761495086654,0.628727312012181,0.6683618083070517,0.18340579850511796,0.2032727564352379,0.7435389893943636,0.47744630010174616,0.11010844660733843,0.1485311222174247,0.4074705423234165,0.2316480735007126,7
51,0.00771176815032959,0.006401534011464272,0.0008037805557250977,0.002411341667175293,0.005,123123,"{'alpha': 0.005, 'random_state': 123123}",0.6133452747028363,0.29796761495086654,0.628727312012181,0.6683618083070517,0.18340579850511796,0.2032727564352379,0.7435389893943636,0.47744630010174616,0.11010844660733843,0.1485311222174247,0.4074705423234165,0.2316480735007126,7
52,0.008461356163024902,0.007393033903430417,0.0015621185302734375,0.0046863555908203125,0.005,777,"{'alpha': 0.005, 'random_state': 777}",0.6133452747028363,0.29796761495086654,0.628727312012181,0.6683618083070517,0.18340579850511796,0.2032727564352379,0.7435389893943636,0.47744630010174616,0.11010844660733843,0.1485311222174247,0.4074705423234165,0.2316480735007126,7
53,0.008461880683898925,0.011324517969011523,0.0015626668930053711,0.004688000679016113,0.005,69,"{'alpha': 0.005, 'random_state': 69}",0.6133452747028363,0.29796761495086654,0.628727312012181,0.6683618083070517,0.18340579850511796,0.2032727564352379,0.7435389893943636,0.47744630010174616,0.11010844660733843,0.1485311222174247,0.4074705423234165,0.2316480735007126,7
54,0.0037750244140625,0.006228547575854477,0.0,0.0,0.01,12345,"{'alpha': 0.01, 'random_state': 12345}",0.5778949642032024,0.2841828690941979,0.5827600746302055,0.7067524177592195,0.23629510131351938,0.25595037489623684,0.7378662220033825,0.4562287684683186,0.07182638289288568,0.16750077763363014,0.40772579528947983,0.22328911655932712,1
55,0.004686570167541504,0.007158854203059767,0.0,0.0,0.01,123,"{'alpha': 0.01, 'random_state': 123}",0.5778949642032024,0.2841828690941979,0.5827600746302055,0.7067524177592195,0.23629510131351938,0.25595037489623684,0.7378662220033825,0.4562287684683186,0.07182638289288568,0.16750077763363014,0.40772579528947983,0.22328911655932712,1
56,0.0043286561965942385,0.006366086346899,0.0006526947021484375,0.0019544310901254748,0.01,666,"{'alpha': 0.01, 'random_state': 666}",0.5778949642032024,0.2841828690941979,0.5827600746302055,0.7067524177592195,0.23629510131351938,0.25595037489623684,0.7378662220033825,0.4562287684683186,0.07182638289288568,0.16750077763363014,0.40772579528947983,0.22328911655932712,1
57,0.0034587860107421877,0.004046086041977274,0.0016212701797485352,0.003242771985930208,0.01,123123,"{'alpha': 0.01, 'random_state': 123123}",0.5778949642032024,0.2841828690941979,0.5827600746302055,0.7067524177592195,0.23629510131351938,0.25595037489623684,0.7378662220033825,0.4562287684683186,0.07182638289288568,0.16750077763363014,0.40772579528947983,0.22328911655932712,1
58,0.0050444364547729496,0.004348333537884657,0.0,0.0,0.01,777,"{'alpha': 0.01, 'random_state': 777}",0.5778949642032024,0.2841828690941979,0.5827600746302055,0.7067524177592195,0.23629510131351938,0.25595037489623684,0.7378662220033825,0.4562287684683186,0.07182638289288568,0.16750077763363014,0.40772579528947983,0.22328911655932712,1
59,0.003215503692626953,0.004136877720983108,0.0,0.0,0.01,69,"{'alpha': 0.01, 'random_state': 69}",0.5778949642032024,0.2841828690941979,0.5827600746302055,0.7067524177592195,0.23629510131351938,0.25595037489623684,0.7378662220033825,0.4562287684683186,0.07182638289288568,0.16750077763363014,0.40772579528947983,0.22328911655932712,1
60,0.0019138336181640625,0.0023499760231991892,0.0008037328720092773,0.0024111986160278323,0.05,12345,"{'alpha': 0.05, 'random_state': 12345}",0.24082560452802926,0.1265665972454728,0.05755671130429452,0.2411609626878638,0.29020904489266874,0.10887261043968066,0.38310513068793706,0.0033802813679792987,-0.034071040422744225,-0.19853095423418665,0.12190749484969951,0.16440923494671308,19
61,0.0008022308349609375,0.0024066925048828124,0.0010027408599853516,0.002412996966490633,0.05,123,"{'alpha': 0.05, 'random_state': 123}",0.24082560452802926,0.1265665972454728,0.05755671130429452,0.2411609626878638,0.29020904489266874,0.10887261043968066,0.38310513068793706,0.0033802813679792987,-0.034071040422744225,-0.19853095423418665,0.12190749484969951,0.16440923494671308,19
62,0.0018062829971313477,0.0031657833135100596,0.0,0.0,0.05,666,"{'alpha': 0.05, 'random_state': 666}",0.24082560452802926,0.1265665972454728,0.05755671130429452,0.2411609626878638,0.29020904489266874,0.10887261043968066,0.38310513068793706,0.0033802813679792987,-0.034071040422744225,-0.19853095423418665,0.12190749484969951,0.16440923494671308,19
63,0.002808403968811035,0.00349502710642169,0.0,0.0,0.05,123123,"{'alpha': 0.05, 'random_state': 123123}",0.24082560452802926,0.1265665972454728,0.05755671130429452,0.2411609626878638,0.29020904489266874,0.10887261043968066,0.38310513068793706,0.0033802813679792987,-0.034071040422744225,-0.19853095423418665,0.12190749484969951,0.16440923494671308,19
64,0.002015089988708496,0.0031131160432160414,0.0,0.0,0.05,777,"{'alpha': 0.05, 'random_state': 777}",0.24082560452802926,0.1265665972454728,0.05755671130429452,0.2411609626878638,0.29020904489266874,0.10887261043968066,0.38310513068793706,0.0033802813679792987,-0.034071040422744225,-0.19853095423418665,0.12190749484969951,0.16440923494671308,19
65,0.0020261526107788084,0.0031234254387044625,0.0,0.0,0.05,69,"{'alpha': 0.05, 'random_state': 69}",0.24082560452802926,0.1265665972454728,0.05755671130429452,0.2411609626878638,0.29020904489266874,0.10887261043968066,0.38310513068793706,0.0033802813679792987,-0.034071040422744225,-0.19853095423418665,0.12190749484969951,0.16440923494671308,19
66,0.001802682876586914,0.003632678229544206,0.0,0.0,0.1,12345,"{'alpha': 0.1, 'random_state': 12345}",-0.006855929085531898,-0.038004035536088,-0.028304793427038177,-0.12839076543668848,0.048581353844784236,0.011968173976405372,-0.02871878199100797,-0.07570918605067467,-0.04760867410977654,-0.5129111720470048,-0.0805953809862621,0.15107117421273994,37
67,0.0015624046325683593,0.004687213897705078,0.0,0.0,0.1,123,"{'alpha': 0.1, 'random_state': 123}",-0.006855929085531898,-0.038004035536088,-0.028304793427038177,-0.12839076543668848,0.048581353844784236,0.011968173976405372,-0.02871878199100797,-0.07570918605067467,-0.04760867410977654,-0.5129111720470048,-0.0805953809862621,0.15107117421273994,37
68,0.0,0.0,0.0,0.0,0.1,666,"{'alpha': 0.1, 'random_state': 666}",-0.006855929085531898,-0.038004035536088,-0.028304793427038177,-0.12839076543668848,0.048581353844784236,0.011968173976405372,-0.02871878199100797,-0.07570918605067467,-0.04760867410977654,-0.5129111720470048,-0.0805953809862621,0.15107117421273994,37
69,0.0015623092651367188,0.004686927795410156,0.0015621423721313477,0.004686427116394043,0.1,123123,"{'alpha': 0.1, 'random_state': 123123}",-0.006855929085531898,-0.038004035536088,-0.028304793427038177,-0.12839076543668848,0.048581353844784236,0.011968173976405372,-0.02871878199100797,-0.07570918605067467,-0.04760867410977654,-0.5129111720470048,-0.0805953809862621,0.15107117421273994,37
70,0.0006506204605102539,0.0019518613815307615,0.0031243324279785155,0.006248664878699256,0.1,777,"{'alpha': 0.1, 'random_state': 777}",-0.006855929085531898,-0.038004035536088,-0.028304793427038177,-0.12839076543668848,0.048581353844784236,0.011968173976405372,-0.02871878199100797,-0.07570918605067467,-0.04760867410977654,-0.5129111720470048,-0.0805953809862621,0.15107117421273994,37
71,0.004686880111694336,0.007159327793752677,0.0,0.0,0.1,69,"{'alpha': 0.1, 'random_state': 69}",-0.006855929085531898,-0.038004035536088,-0.028304793427038177,-0.12839076543668848,0.048581353844784236,0.011968173976405372,-0.02871878199100797,-0.07570918605067467,-0.04760867410977654,-0.5129111720470048,-0.0805953809862621,0.15107117421273994,37
72,0.001661968231201172,0.0046627351228832456,0.0015622377395629883,0.004686713218688965,0.5,12345,"{'alpha': 0.5, 'random_state': 12345}",-0.012896186824465694,-0.008158691813603847,-0.028304793427038177,-0.1614001640659486,-0.0006801831469402941,-0.04302187928548973,-0.01247653288259376,-0.08011318193652373,-0.023849818742281315,-0.39375231930124177,-0.07646537514261269,0.11517349850093934,25
73,0.0004986047744750977,0.0004986050435267377,0.0001993894577026367,0.0003987789474776028,0.5,123,"{'alpha': 0.5, 'random_state': 123}",-0.012896186824465694,-0.008158691813603847,-0.028304793427038177,-0.1614001640659486,-0.0006801831469402941,-0.04302187928548973,-0.01247653288259376,-0.08011318193652373,-0.023849818742281315,-0.39375231930124177,-0.07646537514261269,0.11517349850093934,25
74,0.0012008190155029298,0.003602457046508789,0.0,0.0,0.5,666,"{'alpha': 0.5, 'random_state': 666}",-0.012896186824465694,-0.008158691813603847,-0.028304793427038177,-0.1614001640659486,-0.0006801831469402941,-0.04302187928548973,-0.01247653288259376,-0.08011318193652373,-0.023849818742281315,-0.39375231930124177,-0.07646537514261269,0.11517349850093934,25
75,0.0015625476837158204,0.004687643051147461,0.0,0.0,0.5,123123,"{'alpha': 0.5, 'random_state': 123123}",-0.012896186824465694,-0.008158691813603847,-0.028304793427038177,-0.1614001640659486,-0.0006801831469402941,-0.04302187928548973,-0.01247653288259376,-0.08011318193652373,-0.023849818742281315,-0.39375231930124177,-0.07646537514261269,0.11517349850093934,25
76,0.0015657424926757812,0.004697227478027344,0.0015620946884155273,0.004686284065246582,0.5,777,"{'alpha': 0.5, 'random_state': 777}",-0.012896186824465694,-0.008158691813603847,-0.028304793427038177,-0.1614001640659486,-0.0006801831469402941,-0.04302187928548973,-0.01247653288259376,-0.08011318193652373,-0.023849818742281315,-0.39375231930124177,-0.07646537514261269,0.11517349850093934,25
77,0.001558542251586914,0.004675626754760742,0.0,0.0,0.5,69,"{'alpha': 0.5, 'random_state': 69}",-0.012896186824465694,-0.008158691813603847,-0.028304793427038177,-0.1614001640659486,-0.0006801831469402941,-0.04302187928548973,-0.01247653288259376,-0.08011318193652373,-0.023849818742281315,-0.39375231930124177,-0.07646537514261269,0.11517349850093934,25
78,0.0,0.0,0.0,0.0,1,12345,"{'alpha': 1, 'random_state': 12345}",-0.012896186824465694,-0.008158691813603847,-0.028304793427038177,-0.1614001640659486,-0.0006801831469402941,-0.04302187928548973,-0.01247653288259376,-0.08011318193652373,-0.023849818742281315,-0.39375231930124177,-0.07646537514261269,0.11517349850093934,25
79,0.002419304847717285,0.004818392656224742,0.0,0.0,1,123,"{'alpha': 1, 'random_state': 123}",-0.012896186824465694,-0.008158691813603847,-0.028304793427038177,-0.1614001640659486,-0.0006801831469402941,-0.04302187928548973,-0.01247653288259376,-0.08011318193652373,-0.023849818742281315,-0.39375231930124177,-0.07646537514261269,0.11517349850093934,25
80,0.0012158870697021485,0.002418140066327604,0.0,0.0,1,666,"{'alpha': 1, 'random_state': 666}",-0.012896186824465694,-0.008158691813603847,-0.028304793427038177,-0.1614001640659486,-0.0006801831469402941,-0.04302187928548973,-0.01247653288259376,-0.08011318193652373,-0.023849818742281315,-0.39375231930124177,-0.07646537514261269,0.11517349850093934,25
81,0.0010108470916748047,0.002426252333324535,0.0010074615478515626,0.002416720450396886,1,123123,"{'alpha': 1, 'random_state': 123123}",-0.012896186824465694,-0.008158691813603847,-0.028304793427038177,-0.1614001640659486,-0.0006801831469402941,-0.04302187928548973,-0.01247653288259376,-0.08011318193652373,-0.023849818742281315,-0.39375231930124177,-0.07646537514261269,0.11517349850093934,25
82,0.0020192623138427734,0.0031148859315930193,0.0,0.0,1,777,"{'alpha': 1, 'random_state': 777}",-0.012896186824465694,-0.008158691813603847,-0.028304793427038177,-0.1614001640659486,-0.0006801831469402941,-0.04302187928548973,-0.01247653288259376,-0.08011318193652373,-0.023849818742281315,-0.39375231930124177,-0.07646537514261269,0.11517349850093934,25
83,0.0018360614776611328,0.0032079787144770624,0.0,0.0,1,69,"{'alpha': 1, 'random_state': 69}",-0.012896186824465694,-0.008158691813603847,-0.028304793427038177,-0.1614001640659486,-0.0006801831469402941,-0.04302187928548973,-0.01247653288259376,-0.08011318193652373,-0.023849818742281315,-0.39375231930124177,-0.07646537514261269,0.11517349850093934,25
84,0.019184231758117676,0.004810902847022414,0.0010033607482910155,0.002414501712933933,0.001,12345,"{'alpha': 0.001, 'random_state': 12345}",0.07873238307966457,0.297616191238535,-0.27459460481253584,0.061120407837650714,0.7928872012286416,0.6161039256852854,0.29353742467973365,0.6599840592029429,0.7721969342432693,0.8330598949912701,0.4130643817374457,0.358882220955835,13
85,0.023711276054382325,0.013809248251759604,0.0008015871047973633,0.0024047613143920897,0.001,123,"{'alpha': 0.001, 'random_state': 123}",0.07873238307966457,0.297616191238535,-0.27459460481253584,0.061120407837650714,0.7928872012286416,0.6161039256852854,0.29353742467973365,0.6599840592029429,0.7721969342432693,0.8330598949912701,0.4130643817374457,0.358882220955835,13
86,0.020018720626831056,0.005336759915472639,0.0,0.0,0.001,666,"{'alpha': 0.001, 'random_state': 666}",0.07873238307966457,0.297616191238535,-0.27459460481253584,0.061120407837650714,0.7928872012286416,0.6161039256852854,0.29353742467973365,0.6599840592029429,0.7721969342432693,0.8330598949912701,0.4130643817374457,0.358882220955835,13
87,0.01880369186401367,0.004039578013345948,0.00010001659393310547,0.0003000497817993164,0.001,123123,"{'alpha': 0.001, 'random_state': 123123}",0.07873238307966457,0.297616191238535,-0.27459460481253584,0.061120407837650714,0.7928872012286416,0.6161039256852854,0.29353742467973365,0.6599840592029429,0.7721969342432693,0.8330598949912701,0.4130643817374457,0.358882220955835,13
88,0.02592737674713135,0.014681351692453921,0.0,0.0,0.001,777,"{'alpha': 0.001, 'random_state': 777}",0.07873238307966457,0.297616191238535,-0.27459460481253584,0.061120407837650714,0.7928872012286416,0.6161039256852854,0.29353742467973365,0.6599840592029429,0.7721969342432693,0.8330598949912701,0.4130643817374457,0.358882220955835,13
89,0.020986557006835938,0.005879367475763125,0.0,0.0,0.001,69,"{'alpha': 0.001, 'random_state': 69}",0.07873238307966457,0.297616191238535,-0.27459460481253584,0.061120407837650714,0.7928872012286416,0.6161039256852854,0.29353742467973365,0.6599840592029429,0.7721969342432693,0.8330598949912701,0.4130643817374457,0.358882220955835,13
90,0.008471345901489258,0.005542425846838985,0.0,0.0,0.005,12345,"{'alpha': 0.005, 'random_state': 12345}",0.05712879824528827,0.27635779241519576,-0.5389811747536137,0.2488037852858508,0.7902714333758375,0.6164557220179663,0.41731490448815745,0.699455152579759,0.8203741336151571,0.8468697015485749,0.4234050248818173,0.41200255514740436,7
91,0.009869527816772462,0.004739484765485203,0.0,0.0,0.005,123,"{'alpha': 0.005, 'random_state': 123}",0.05712879824528827,0.27635779241519576,-0.5389811747536137,0.2488037852858508,0.7902714333758375,0.6164557220179663,0.41731490448815745,0.699455152579759,0.8203741336151571,0.8468697015485749,0.4234050248818173,0.41200255514740436,7
92,0.010148096084594726,0.006847723883086763,0.0,0.0,0.005,666,"{'alpha': 0.005, 'random_state': 666}",0.05712879824528827,0.27635779241519576,-0.5389811747536137,0.2488037852858508,0.7902714333758375,0.6164557220179663,0.41731490448815745,0.699455152579759,0.8203741336151571,0.8468697015485749,0.4234050248818173,0.41200255514740436,7
93,0.013148927688598632,0.0178741291508739,0.0,0.0,0.005,123123,"{'alpha': 0.005, 'random_state': 123123}",0.05712879824528827,0.27635779241519576,-0.5389811747536137,0.2488037852858508,0.7902714333758375,0.6164557220179663,0.41731490448815745,0.699455152579759,0.8203741336151571,0.8468697015485749,0.4234050248818173,0.41200255514740436,7
94,0.010617685317993165,0.006714833283714254,0.0,0.0,0.005,777,"{'alpha': 0.005, 'random_state': 777}",0.05712879824528827,0.27635779241519576,-0.5389811747536137,0.2488037852858508,0.7902714333758375,0.6164557220179663,0.41731490448815745,0.699455152579759,0.8203741336151571,0.8468697015485749,0.4234050248818173,0.41200255514740436,7
95,0.009067130088806153,0.00745110576155896,0.00020170211791992188,0.0006051063537597656,0.005,69,"{'alpha': 0.005, 'random_state': 69}",0.05712879824528827,0.27635779241519576,-0.5389811747536137,0.2488037852858508,0.7902714333758375,0.6164557220179663,0.41731490448815745,0.699455152579759,0.8203741336151571,0.8468697015485749,0.4234050248818173,0.41200255514740436,7
96,0.0034714937210083008,0.004447789590337187,0.0008215188980102539,0.002464556694030762,0.01,12345,"{'alpha': 0.01, 'random_state': 12345}",0.0659363227819516,0.2543804822924477,-0.39262377722629505,0.37210424166804423,0.7688606258188698,0.6007983089974952,0.45721903071700076,0.696053304933825,0.8193306523890124,0.8453748975828795,0.4487434089955231,0.3714258614004013,1
97,0.0040218114852905275,0.004585929521577956,0.000801849365234375,0.002405548095703125,0.01,123,"{'alpha': 0.01, 'random_state': 123}",0.0659363227819516,0.2543804822924477,-0.39262377722629505,0.37210424166804423,0.7688606258188698,0.6007983089974952,0.45721903071700076,0.696053304933825,0.8193306523890124,0.8453748975828795,0.4487434089955231,0.3714258614004013,1
98,0.0062488079071044925,0.007653209407853906,0.0,0.0,0.01,666,"{'alpha': 0.01, 'random_state': 666}",0.0659363227819516,0.2543804822924477,-0.39262377722629505,0.37210424166804423,0.7688606258188698,0.6007983089974952,0.45721903071700076,0.696053304933825,0.8193306523890124,0.8453748975828795,0.4487434089955231,0.3714258614004013,1
99,0.005337190628051758,0.006997340445645677,0.0,0.0,0.01,123123,"{'alpha': 0.01, 'random_state': 123123}",0.0659363227819516,0.2543804822924477,-0.39262377722629505,0.37210424166804423,0.7688606258188698,0.6007983089974952,0.45721903071700076,0.696053304933825,0.8193306523890124,0.8453748975828795,0.4487434089955231,0.3714258614004013,1
100,0.006619048118591308,0.008167593859476189,0.0,0.0,0.01,777,"{'alpha': 0.01, 'random_state': 777}",0.0659363227819516,0.2543804822924477,-0.39262377722629505,0.37210424166804423,0.7688606258188698,0.6007983089974952,0.45721903071700076,0.696053304933825,0.8193306523890124,0.8453748975828795,0.4487434089955231,0.3714258614004013,1
101,0.00937325954437256,0.007653234504873275,0.0,0.0,0.01,69,"{'alpha': 0.01, 'random_state': 69}",0.0659363227819516,0.2543804822924477,-0.39262377722629505,0.37210424166804423,0.7688606258188698,0.6007983089974952,0.45721903071700076,0.696053304933825,0.8193306523890124,0.8453748975828795,0.4487434089955231,0.3714258614004013,1
102,0.0015620946884155273,0.004686284065246582,0.0,0.0,0.05,12345,"{'alpha': 0.05, 'random_state': 12345}",-0.050135388115441826,0.10995885918695514,-0.2378441558768234,0.3563474490612638,0.22011625575717342,0.20507083439738194,0.21132507256480582,0.4726182962160752,0.27680356582954635,0.6041987904199636,0.21684595794409,0.2298138607238719,19
103,0.0,0.0,0.0015625953674316406,0.004687786102294922,0.05,123,"{'alpha': 0.05, 'random_state': 123}",-0.050135388115441826,0.10995885918695514,-0.2378441558768234,0.3563474490612638,0.22011625575717342,0.20507083439738194,0.21132507256480582,0.4726182962160752,0.27680356582954635,0.6041987904199636,0.21684595794409,0.2298138607238719,19
104,0.0031242132186889648,0.006248426439424809,0.0,0.0,0.05,666,"{'alpha': 0.05, 'random_state': 666}",-0.050135388115441826,0.10995885918695514,-0.2378441558768234,0.3563474490612638,0.22011625575717342,0.20507083439738194,0.21132507256480582,0.4726182962160752,0.27680356582954635,0.6041987904199636,0.21684595794409,0.2298138607238719,19
105,0.0,0.0,0.0,0.0,0.05,123123,"{'alpha': 0.05, 'random_state': 123123}",-0.050135388115441826,0.10995885918695514,-0.2378441558768234,0.3563474490612638,0.22011625575717342,0.20507083439738194,0.21132507256480582,0.4726182962160752,0.27680356582954635,0.6041987904199636,0.21684595794409,0.2298138607238719,19
106,0.0015621423721313477,0.004686427116394043,0.0015620946884155273,0.004686284065246582,0.05,777,"{'alpha': 0.05, 'random_state': 777}",-0.050135388115441826,0.10995885918695514,-0.2378441558768234,0.3563474490612638,0.22011625575717342,0.20507083439738194,0.21132507256480582,0.4726182962160752,0.27680356582954635,0.6041987904199636,0.21684595794409,0.2298138607238719,19
107,0.0018569707870483398,0.002835915349366403,1.9550323486328123e-06,5.865097045898437e-06,0.05,69,"{'alpha': 0.05, 'random_state': 69}",-0.050135388115441826,0.10995885918695514,-0.2378441558768234,0.3563474490612638,0.22011625575717342,0.20507083439738194,0.21132507256480582,0.4726182962160752,0.27680356582954635,0.6041987904199636,0.21684595794409,0.2298138607238719,19
108,0.0020209550857543945,0.0031201245430777526,0.0,0.0,0.1,12345,"{'alpha': 0.1, 'random_state': 12345}",-0.03720224357874802,-0.10901192835652695,-0.1620083094705671,-0.04911224017882354,-0.10872895357238943,-0.1016142767736048,-0.09998972920569615,0.09720809506222894,-0.006281491772767378,0.10323974253232393,-0.04735013353145705,0.08473409486634272,25
109,0.002018165588378906,0.0031166108866345775,0.0,0.0,0.1,123,"{'alpha': 0.1, 'random_state': 123}",-0.03720224357874802,-0.10901192835652695,-0.1620083094705671,-0.04911224017882354,-0.10872895357238943,-0.1016142767736048,-0.09998972920569615,0.09720809506222894,-0.006281491772767378,0.10323974253232393,-0.04735013353145705,0.08473409486634272,25
110,0.0020081520080566405,0.0031043651570550872,0.0,0.0,0.1,666,"{'alpha': 0.1, 'random_state': 666}",-0.03720224357874802,-0.10901192835652695,-0.1620083094705671,-0.04911224017882354,-0.10872895357238943,-0.1016142767736048,-0.09998972920569615,0.09720809506222894,-0.006281491772767378,0.10323974253232393,-0.04735013353145705,0.08473409486634272,25
111,0.0010303497314453126,0.002760925894302269,0.0010068416595458984,0.002423667821406078,0.1,123123,"{'alpha': 0.1, 'random_state': 123123}",-0.03720224357874802,-0.10901192835652695,-0.1620083094705671,-0.04911224017882354,-0.10872895357238943,-0.1016142767736048,-0.09998972920569615,0.09720809506222894,-0.006281491772767378,0.10323974253232393,-0.04735013353145705,0.08473409486634272,25
112,0.0020170688629150392,0.0031157290152918652,0.0,0.0,0.1,777,"{'alpha': 0.1, 'random_state': 777}",-0.03720224357874802,-0.10901192835652695,-0.1620083094705671,-0.04911224017882354,-0.10872895357238943,-0.1016142767736048,-0.09998972920569615,0.09720809506222894,-0.006281491772767378,0.10323974253232393,-0.04735013353145705,0.08473409486634272,25
113,0.0018043279647827148,0.0031606285998313625,0.00020647048950195312,0.0006135530253534486,0.1,69,"{'alpha': 0.1, 'random_state': 69}",-0.03720224357874802,-0.10901192835652695,-0.1620083094705671,-0.04911224017882354,-0.10872895357238943,-0.1016142767736048,-0.09998972920569615,0.09720809506222894,-0.006281491772767378,0.10323974253232393,-0.04735013353145705,0.08473409486634272,25
114,0.0018106937408447266,0.0031689349474798493,0.00020444393157958984,0.0006133317947387695,0.5,12345,"{'alpha': 0.5, 'random_state': 12345}",-0.050403504874098504,-0.11390652904325949,-0.12157804377948911,-0.18589104876613471,-0.17358722415956196,-0.1703451463278649,-0.1283750164896602,-0.019491005200684697,-0.029898294776917078,-0.036696695731678775,-0.10301725091493494,0.060808688903575776,31
115,0.0018103599548339843,0.0031682805099300894,0.00020432472229003906,0.0006129741668701172,0.5,123,"{'alpha': 0.5, 'random_state': 123}",-0.050403504874098504,-0.11390652904325949,-0.12157804377948911,-0.18589104876613471,-0.17358722415956196,-0.1703451463278649,-0.1283750164896602,-0.019491005200684697,-0.029898294776917078,-0.036696695731678775,-0.10301725091493494,0.060808688903575776,31
116,0.0010084867477416991,0.0024220545123874965,0.000802159309387207,0.002406477928161621,0.5,666,"{'alpha': 0.5, 'random_state': 666}",-0.050403504874098504,-0.11390652904325949,-0.12157804377948911,-0.18589104876613471,-0.17358722415956196,-0.1703451463278649,-0.1283750164896602,-0.019491005200684697,-0.029898294776917078,-0.036696695731678775,-0.10301725091493494,0.060808688903575776,31
117,0.0010081052780151368,0.002422246190015568,0.0,0.0,0.5,123123,"{'alpha': 0.5, 'random_state': 123123}",-0.050403504874098504,-0.11390652904325949,-0.12157804377948911,-0.18589104876613471,-0.17358722415956196,-0.1703451463278649,-0.1283750164896602,-0.019491005200684697,-0.029898294776917078,-0.036696695731678775,-0.10301725091493494,0.060808688903575776,31
118,0.0010058164596557617,0.0024217567266979737,0.0008046150207519532,0.0024138450622558593,0.5,777,"{'alpha': 0.5, 'random_state': 777}",-0.050403504874098504,-0.11390652904325949,-0.12157804377948911,-0.18589104876613471,-0.17358722415956196,-0.1703451463278649,-0.1283750164896602,-0.019491005200684697,-0.029898294776917078,-0.036696695731678775,-0.10301725091493494,0.060808688903575776,31
119,0.0010081768035888673,0.0024215678453775374,0.0008020877838134765,0.0024062633514404293,0.5,69,"{'alpha': 0.5, 'random_state': 69}",-0.050403504874098504,-0.11390652904325949,-0.12157804377948911,-0.18589104876613471,-0.17358722415956196,-0.1703451463278649,-0.1283750164896602,-0.019491005200684697,-0.029898294776917078,-0.036696695731678775,-0.10301725091493494,0.060808688903575776,31
120,0.0010100603103637695,0.0024237917633725807,0.0010068655014038087,0.0024171116234942584,1,12345,"{'alpha': 1, 'random_state': 12345}",-0.050403504874098504,-0.11390652904325949,-0.12157804377948911,-0.18589104876613471,-0.17358722415956196,-0.1703451463278649,-0.1283750164896602,-0.019491005200684697,-0.029898294776917078,-0.036696695731678775,-0.10301725091493494,0.060808688903575776,31
121,0.0008042097091674804,0.0024126291275024417,0.0010067224502563477,0.0024169912384209625,1,123,"{'alpha': 1, 'random_state': 123}",-0.050403504874098504,-0.11390652904325949,-0.12157804377948911,-0.18589104876613471,-0.17358722415956196,-0.1703451463278649,-0.1283750164896602,-0.019491005200684697,-0.029898294776917078,-0.036696695731678775,-0.10301725091493494,0.060808688903575776,31
122,0.00020439624786376952,0.0006131887435913085,0.000802302360534668,0.0024069070816040037,1,666,"{'alpha': 1, 'random_state': 666}",-0.050403504874098504,-0.11390652904325949,-0.12157804377948911,-0.18589104876613471,-0.17358722415956196,-0.1703451463278649,-0.1283750164896602,-0.019491005200684697,-0.029898294776917078,-0.036696695731678775,-0.10301725091493494,0.060808688903575776,31
123,0.00100555419921875,0.0024207571027287044,0.0,0.0,1,123123,"{'alpha': 1, 'random_state': 123123}",-0.050403504874098504,-0.11390652904325949,-0.12157804377948911,-0.18589104876613471,-0.17358722415956196,-0.1703451463278649,-0.1283750164896602,-0.019491005200684697,-0.029898294776917078,-0.036696695731678775,-0.10301725091493494,0.060808688903575776,31
124,0.0021195411682128906,0.0033017678010316153,0.00019702911376953124,0.00039410028897871567,1,777,"{'alpha': 1, 'random_state': 777}",-0.050403504874098504,-0.11390652904325949,-0.12157804377948911,-0.18589104876613471,-0.17358722415956196,-0.1703451463278649,-0.1283750164896602,-0.019491005200684697,-0.029898294776917078,-0.036696695731678775,-0.10301725091493494,0.060808688903575776,31
125,0.0007124900817871094,0.0007937673173511305,0.00019659996032714844,0.000393237520525492,1,69,"{'alpha': 1, 'random_state': 69}",-0.050403504874098504,-0.11390652904325949,-0.12157804377948911,-0.18589104876613471,-0.17358722415956196,-0.1703451463278649,-0.1283750164896602,-0.019491005200684697,-0.029898294776917078,-0.036696695731678775,-0.10301725091493494,0.060808688903575776,31
126,0.034901976585388184,0.02309922026774202,0.0,0.0,0.001,12345,"{'alpha': 0.001, 'random_state': 12345}",0.6280742457179695,-0.17253781600232987,0.8272969920663407,0.84450433164833,-0.8036619692961633,0.4962369834672603,-0.09804525639629214,0.7058495120697403,-2.3493749458529236,0.8204975420390873,0.08988396194610195,0.9661160454379569,19
127,0.02865417003631592,0.0155745593122671,0.0,0.0,0.001,123,"{'alpha': 0.001, 'random_state': 123}",0.6280742457179695,-0.17253781600232987,0.8272969920663407,0.84450433164833,-0.8036619692961633,0.4962369834672603,-0.09804525639629214,0.7058495120697403,-2.3493749458529236,0.8204975420390873,0.08988396194610195,0.9661160454379569,19
128,0.03758938312530517,0.028197867434725195,0.00020155906677246093,0.0006046772003173828,0.001,666,"{'alpha': 0.001, 'random_state': 666}",0.6280742457179695,-0.17253781600232987,0.8272969920663407,0.84450433164833,-0.8036619692961633,0.4962369834672603,-0.09804525639629214,0.7058495120697403,-2.3493749458529236,0.8204975420390873,0.08988396194610195,0.9661160454379569,19
129,0.02925851345062256,0.018563251760977537,0.0,0.0,0.001,123123,"{'alpha': 0.001, 'random_state': 123123}",0.6280742457179695,-0.17253781600232987,0.8272969920663407,0.84450433164833,-0.8036619692961633,0.4962369834672603,-0.09804525639629214,0.7058495120697403,-2.3493749458529236,0.8204975420390873,0.08988396194610195,0.9661160454379569,19
130,0.037632989883422854,0.034602728006773,0.0,0.0,0.001,777,"{'alpha': 0.001, 'random_state': 777}",0.6280742457179695,-0.17253781600232987,0.8272969920663407,0.84450433164833,-0.8036619692961633,0.4962369834672603,-0.09804525639629214,0.7058495120697403,-2.3493749458529236,0.8204975420390873,0.08988396194610195,0.9661160454379569,19
131,0.028963375091552734,0.014643166278930413,3.314018249511719e-05,9.942054748535156e-05,0.001,69,"{'alpha': 0.001, 'random_state': 69}",0.6280742457179695,-0.17253781600232987,0.8272969920663407,0.84450433164833,-0.8036619692961633,0.4962369834672603,-0.09804525639629214,0.7058495120697403,-2.3493749458529236,0.8204975420390873,0.08988396194610195,0.9661160454379569,19
132,0.015244650840759277,0.015563930973172876,0.0,0.0,0.005,12345,"{'alpha': 0.005, 'random_state': 12345}",0.6155102953558474,-0.1494923731532667,0.845111561591432,0.8689031134298104,-0.7792332115049823,0.5446554632875851,0.050168638773190666,0.6674371977482352,-1.3371743639314002,0.8128634217071675,0.2138749743303619,0.72205315023868,1
133,0.009946107864379883,0.007752018395523159,0.0,0.0,0.005,123,"{'alpha': 0.005, 'random_state': 123}",0.6155102953558474,-0.1494923731532667,0.845111561591432,0.8689031134298104,-0.7792332115049823,0.5446554632875851,0.050168638773190666,0.6674371977482352,-1.3371743639314002,0.8128634217071675,0.2138749743303619,0.72205315023868,1
134,0.00877707004547119,0.006678053326472729,0.0,0.0,0.005,666,"{'alpha': 0.005, 'random_state': 666}",0.6155102953558474,-0.1494923731532667,0.845111561591432,0.8689031134298104,-0.7792332115049823,0.5446554632875851,0.050168638773190666,0.6674371977482352,-1.3371743639314002,0.8128634217071675,0.2138749743303619,0.72205315023868,1
135,0.00906665325164795,0.006263494615047315,0.0008023500442504883,0.002407050132751465,0.005,123123,"{'alpha': 0.005, 'random_state': 123123}",0.6155102953558474,-0.1494923731532667,0.845111561591432,0.8689031134298104,-0.7792332115049823,0.5446554632875851,0.050168638773190666,0.6674371977482352,-1.3371743639314002,0.8128634217071675,0.2138749743303619,0.72205315023868,1
136,0.008464717864990234,0.005524078039687584,0.0008050203323364258,0.0024150609970092773,0.005,777,"{'alpha': 0.005, 'random_state': 777}",0.6155102953558474,-0.1494923731532667,0.845111561591432,0.8689031134298104,-0.7792332115049823,0.5446554632875851,0.050168638773190666,0.6674371977482352,-1.3371743639314002,0.8128634217071675,0.2138749743303619,0.72205315023868,1
137,0.012763357162475586,0.006801547359886592,0.00010218620300292969,0.00030655860900878905,0.005,69,"{'alpha': 0.005, 'random_state': 69}",0.6155102953558474,-0.1494923731532667,0.845111561591432,0.8689031134298104,-0.7792332115049823,0.5446554632875851,0.050168638773190666,0.6674371977482352,-1.3371743639314002,0.8128634217071675,0.2138749743303619,0.72205315023868,1
138,0.007811450958251953,0.010479685129666901,0.0,0.0,0.01,12345,"{'alpha': 0.01, 'random_state': 12345}",0.580668564419727,-0.11956872551140707,0.844075866716301,0.8626376597409867,-0.7320116061633963,0.5539273930415889,0.08287457173073165,0.6240719305041477,-1.627185869892422,0.7793744066496464,0.1848864191235904,0.7720375263650769,13
139,0.005337357521057129,0.006997446613017895,0.0,0.0,0.01,123,"{'alpha': 0.01, 'random_state': 123}",0.580668564419727,-0.11956872551140707,0.844075866716301,0.8626376597409867,-0.7320116061633963,0.5539273930415889,0.08287457173073165,0.6240719305041477,-1.627185869892422,0.7793744066496464,0.1848864191235904,0.7720375263650769,13
140,0.006546425819396973,0.006714965679013076,0.0,0.0,0.01,666,"{'alpha': 0.01, 'random_state': 666}",0.580668564419727,-0.11956872551140707,0.844075866716301,0.8626376597409867,-0.7320116061633963,0.5539273930415889,0.08287457173073165,0.6240719305041477,-1.627185869892422,0.7793744066496464,0.1848864191235904,0.7720375263650769,13
141,0.0048547029495239254,0.004547385407891403,0.00020189285278320311,0.0006056785583496094,0.01,123123,"{'alpha': 0.01, 'random_state': 123123}",0.580668564419727,-0.11956872551140707,0.844075866716301,0.8626376597409867,-0.7320116061633963,0.5539273930415889,0.08287457173073165,0.6240719305041477,-1.627185869892422,0.7793744066496464,0.1848864191235904,0.7720375263650769,13
142,0.005049395561218262,0.0044626258740043485,0.0,0.0,0.01,777,"{'alpha': 0.01, 'random_state': 777}",0.580668564419727,-0.11956872551140707,0.844075866716301,0.8626376597409867,-0.7320116061633963,0.5539273930415889,0.08287457173073165,0.6240719305041477,-1.627185869892422,0.7793744066496464,0.1848864191235904,0.7720375263650769,13
143,0.005024909973144531,0.003935854963930034,0.0,0.0,0.01,69,"{'alpha': 0.01, 'random_state': 69}",0.580668564419727,-0.11956872551140707,0.844075866716301,0.8626376597409867,-0.7320116061633963,0.5539273930415889,0.08287457173073165,0.6240719305041477,-1.627185869892422,0.7793744066496464,0.1848864191235904,0.7720375263650769,13
144,0.0010087013244628907,0.0024201419283289833,0.0010073423385620118,0.002424707484086165,0.05,12345,"{'alpha': 0.05, 'random_state': 12345}",0.3906349570678832,-0.13438035267284287,0.6939012081842296,0.6431981824200013,-0.19951899390510408,0.44934554373402547,0.13984381719336958,0.27718054643083134,-0.5861383532902102,0.404854414829819,0.20789209699920025,0.384608262917345,7
145,0.0010097265243530274,0.0024244147050688325,0.0010136842727661132,0.0024264911427726086,0.05,123,"{'alpha': 0.05, 'random_state': 123}",0.3906349570678832,-0.13438035267284287,0.6939012081842296,0.6431981824200013,-0.19951899390510408,0.44934554373402547,0.13984381719336958,0.27718054643083134,-0.5861383532902102,0.404854414829819,0.20789209699920025,0.384608262917345,7
146,0.002016782760620117,0.0031165737944160777,0.0,0.0,0.05,666,"{'alpha': 0.05, 'random_state': 666}",0.3906349570678832,-0.13438035267284287,0.6939012081842296,0.6431981824200013,-0.19951899390510408,0.44934554373402547,0.13984381719336958,0.27718054643083134,-0.5861383532902102,0.404854414829819,0.20789209699920025,0.384608262917345,7
147,0.0010125160217285157,0.002431097237128971,0.00020406246185302734,0.0006121873855590821,0.05,123123,"{'alpha': 0.05, 'random_state': 123123}",0.3906349570678832,-0.13438035267284287,0.6939012081842296,0.6431981824200013,-0.19951899390510408,0.44934554373402547,0.13984381719336958,0.27718054643083134,-0.5861383532902102,0.404854414829819,0.20789209699920025,0.384608262917345,7
148,0.002019810676574707,0.0031151776582563338,0.0,0.0,0.05,777,"{'alpha': 0.05, 'random_state': 777}",0.3906349570678832,-0.13438035267284287,0.6939012081842296,0.6431981824200013,-0.19951899390510408,0.44934554373402547,0.13984381719336958,0.27718054643083134,-0.5861383532902102,0.404854414829819,0.20789209699920025,0.384608262917345,7
149,1.1205673217773438e-06,3.3617019653320307e-06,0.0010033845901489258,0.0030101537704467773,0.05,69,"{'alpha': 0.05, 'random_state': 69}",0.3906349570678832,-0.13438035267284287,0.6939012081842296,0.6431981824200013,-0.19951899390510408,0.44934554373402547,0.13984381719336958,0.27718054643083134,-0.5861383532902102,0.404854414829819,0.20789209699920025,0.384608262917345,7
150,0.0,0.0,0.0015623807907104493,0.004687142372131348,0.1,12345,"{'alpha': 0.1, 'random_state': 12345}",0.05334998202578933,-0.05955877820332511,0.2617779304465073,0.19153044821876408,-0.15005400961703463,0.11713986680656585,-0.009387737048884404,-0.013025672868350435,-0.18776134631791863,0.06826353023761267,0.027227421367972605,0.13438814160976814,25
151,0.0015621185302734375,0.0046863555908203125,0.0,0.0,0.1,123,"{'alpha': 0.1, 'random_state': 123}",0.05334998202578933,-0.05955877820332511,0.2617779304465073,0.19153044821876408,-0.15005400961703463,0.11713986680656585,-0.009387737048884404,-0.013025672868350435,-0.18776134631791863,0.06826353023761267,0.027227421367972605,0.13438814160976814,25
152,0.0031243324279785155,0.00624866485686672,0.0,0.0,0.1,666,"{'alpha': 0.1, 'random_state': 666}",0.05334998202578933,-0.05955877820332511,0.2617779304465073,0.19153044821876408,-0.15005400961703463,0.11713986680656585,-0.009387737048884404,-0.013025672868350435,-0.18776134631791863,0.06826353023761267,0.027227421367972605,0.13438814160976814,25
153,0.00031006336212158203,0.0006587891066037965,0.00036835670471191406,0.0005850881507455195,0.1,123123,"{'alpha': 0.1, 'random_state': 123123}",0.05334998202578933,-0.05955877820332511,0.2617779304465073,0.19153044821876408,-0.15005400961703463,0.11713986680656585,-0.009387737048884404,-0.013025672868350435,-0.18776134631791863,0.06826353023761267,0.027227421367972605,0.13438814160976814,25
154,0.0014017343521118164,0.003879740539376684,0.0015627145767211914,0.004688143730163574,0.1,777,"{'alpha': 0.1, 'random_state': 777}",0.05334998202578933,-0.05955877820332511,0.2617779304465073,0.19153044821876408,-0.15005400961703463,0.11713986680656585,-0.009387737048884404,-0.013025672868350435,-0.18776134631791863,0.06826353023761267,0.027227421367972605,0.13438814160976814,25
155,0.004686307907104492,0.007158453571656829,0.0,0.0,0.1,69,"{'alpha': 0.1, 'random_state': 69}",0.05334998202578933,-0.05955877820332511,0.2617779304465073,0.19153044821876408,-0.15005400961703463,0.11713986680656585,-0.009387737048884404,-0.013025672868350435,-0.18776134631791863,0.06826353023761267,0.027227421367972605,0.13438814160976814,25
156,0.0031243324279785155,0.006248664900531793,0.0,0.0,0.5,12345,"{'alpha': 0.5, 'random_state': 12345}",-0.03673157706709995,-0.043791655177457756,-0.07239471521733565,-0.044121147382073955,-0.05141162422292789,-0.02533420647824558,-0.1439745279099125,-0.023403436588868676,-0.009219899693052147,-0.028767780487976014,-0.04791505702249501,0.036013908089466785,31
157,0.001562643051147461,0.004687929153442383,0.0006506681442260742,0.0019520044326782225,0.5,123,"{'alpha': 0.5, 'random_state': 123}",-0.03673157706709995,-0.043791655177457756,-0.07239471521733565,-0.044121147382073955,-0.05141162422292789,-0.02533420647824558,-0.1439745279099125,-0.023403436588868676,-0.009219899693052147,-0.028767780487976014,-0.04791505702249501,0.036013908089466785,31
158,0.0,0.0,0.0,0.0,0.5,666,"{'alpha': 0.5, 'random_state': 666}",-0.03673157706709995,-0.043791655177457756,-0.07239471521733565,-0.044121147382073955,-0.05141162422292789,-0.02533420647824558,-0.1439745279099125,-0.023403436588868676,-0.009219899693052147,-0.028767780487976014,-0.04791505702249501,0.036013908089466785,31
159,0.001562213897705078,0.0046866416931152345,0.0,0.0,0.5,123123,"{'alpha': 0.5, 'random_state': 123123}",-0.03673157706709995,-0.043791655177457756,-0.07239471521733565,-0.044121147382073955,-0.05141162422292789,-0.02533420647824558,-0.1439745279099125,-0.023403436588868676,-0.009219899693052147,-0.028767780487976014,-0.04791505702249501,0.036013908089466785,31
160,0.0015621185302734375,0.0046863555908203125,0.0,0.0,0.5,777,"{'alpha': 0.5, 'random_state': 777}",-0.03673157706709995,-0.043791655177457756,-0.07239471521733565,-0.044121147382073955,-0.05141162422292789,-0.02533420647824558,-0.1439745279099125,-0.023403436588868676,-0.009219899693052147,-0.028767780487976014,-0.04791505702249501,0.036013908089466785,31
161,0.0,0.0,0.001562213897705078,0.0046866416931152345,0.5,69,"{'alpha': 0.5, 'random_state': 69}",-0.03673157706709995,-0.043791655177457756,-0.07239471521733565,-0.044121147382073955,-0.05141162422292789,-0.02533420647824558,-0.1439745279099125,-0.023403436588868676,-0.009219899693052147,-0.028767780487976014,-0.04791505702249501,0.036013908089466785,31
162,0.0015620708465576172,0.004686212539672851,0.0006505966186523438,0.0019517898559570314,1,12345,"{'alpha': 1, 'random_state': 12345}",-0.03673157706709995,-0.043791655177457756,-0.07239471521733565,-0.044121147382073955,-0.05141162422292789,-0.02533420647824558,-0.1439745279099125,-0.023403436588868676,-0.009219899693052147,-0.028767780487976014,-0.04791505702249501,0.036013908089466785,31
163,0.0015625715255737304,0.004687714576721192,0.0,0.0,1,123,"{'alpha': 1, 'random_state': 123}",-0.03673157706709995,-0.043791655177457756,-0.07239471521733565,-0.044121147382073955,-0.05141162422292789,-0.02533420647824558,-0.1439745279099125,-0.023403436588868676,-0.009219899693052147,-0.028767780487976014,-0.04791505702249501,0.036013908089466785,31
164,0.0,0.0,0.0015621662139892578,0.004686498641967774,1,666,"{'alpha': 1, 'random_state': 666}",-0.03673157706709995,-0.043791655177457756,-0.07239471521733565,-0.044121147382073955,-0.05141162422292789,-0.02533420647824558,-0.1439745279099125,-0.023403436588868676,-0.009219899693052147,-0.028767780487976014,-0.04791505702249501,0.036013908089466785,31
165,0.003142976760864258,0.006286093898942744,0.00010066032409667968,0.00030198097229003904,1,123123,"{'alpha': 1, 'random_state': 123123}",-0.03673157706709995,-0.043791655177457756,-0.07239471521733565,-0.044121147382073955,-0.05141162422292789,-0.02533420647824558,-0.1439745279099125,-0.023403436588868676,-0.009219899693052147,-0.028767780487976014,-0.04791505702249501,0.036013908089466785,31
166,0.0,0.0,0.0015625238418579101,0.004687571525573731,1,777,"{'alpha': 1, 'random_state': 777}",-0.03673157706709995,-0.043791655177457756,-0.07239471521733565,-0.044121147382073955,-0.05141162422292789,-0.02533420647824558,-0.1439745279099125,-0.023403436588868676,-0.009219899693052147,-0.028767780487976014,-0.04791505702249501,0.036013908089466785,31
167,0.0007050514221191406,0.0015625686398764737,0.0,0.0,1,69,"{'alpha': 1, 'random_state': 69}",-0.03673157706709995,-0.043791655177457756,-0.07239471521733565,-0.044121147382073955,-0.05141162422292789,-0.02533420647824558,-0.1439745279099125,-0.023403436588868676,-0.009219899693052147,-0.028767780487976014,-0.04791505702249501,0.036013908089466785,31
168,0.016377186775207518,0.00615001188453822,0.0008059501647949219,0.0024178504943847654,0.001,12345,"{'alpha': 0.001, 'random_state': 12345}",0.03633624065916741,-0.7753747646862441,0.7508463618703447,0.6991503360123807,-0.23634144036342475,-0.6178037998221719,-0.0411081588356057,0.32075866022500765,0.547435550784233,0.8443657954123903,0.15282647812560773,0.5455549985546536,19
169,0.019634556770324708,0.00961655810390374,0.0015589475631713867,0.004676842689514161,0.001,123,"{'alpha': 0.001, 'random_state': 123}",0.03633624065916741,-0.7753747646862441,0.7508463618703447,0.6991503360123807,-0.23634144036342475,-0.6178037998221719,-0.0411081588356057,0.32075866022500765,0.547435550784233,0.8443657954123903,0.15282647812560773,0.5455549985546536,19
170,0.020930910110473634,0.012591063275347831,0.0,0.0,0.001,666,"{'alpha': 0.001, 'random_state': 666}",0.03633624065916741,-0.7753747646862441,0.7508463618703447,0.6991503360123807,-0.23634144036342475,-0.6178037998221719,-0.0411081588356057,0.32075866022500765,0.547435550784233,0.8443657954123903,0.15282647812560773,0.5455549985546536,19
171,0.01782243251800537,0.006317797366984636,0.0,0.0,0.001,123123,"{'alpha': 0.001, 'random_state': 123123}",0.03633624065916741,-0.7753747646862441,0.7508463618703447,0.6991503360123807,-0.23634144036342475,-0.6178037998221719,-0.0411081588356057,0.32075866022500765,0.547435550784233,0.8443657954123903,0.15282647812560773,0.5455549985546536,19
172,0.01699342727661133,0.007875581265409883,0.0,0.0,0.001,777,"{'alpha': 0.001, 'random_state': 777}",0.03633624065916741,-0.7753747646862441,0.7508463618703447,0.6991503360123807,-0.23634144036342475,-0.6178037998221719,-0.0411081588356057,0.32075866022500765,0.547435550784233,0.8443657954123903,0.15282647812560773,0.5455549985546536,19
173,0.01909604072570801,0.009007424970684316,0.003124713897705078,0.006249427973687437,0.001,69,"{'alpha': 0.001, 'random_state': 69}",0.03633624065916741,-0.7753747646862441,0.7508463618703447,0.6991503360123807,-0.23634144036342475,-0.6178037998221719,-0.0411081588356057,0.32075866022500765,0.547435550784233,0.8443657954123903,0.15282647812560773,0.5455549985546536,19
174,0.008092355728149415,0.007539237327945706,0.0,0.0,0.005,12345,"{'alpha': 0.005, 'random_state': 12345}",0.1481602682956913,-0.3687731241963219,0.7561338314448633,0.7006872159509605,-0.07338803486984857,-0.1464046522484419,0.03805751794307033,0.42032990711140716,0.5374048897948145,0.8459007665369055,0.28581085857631,0.40162985606547064,7
175,0.007113528251647949,0.00428412235124945,6.937980651855469e-06,2.0813941955566402e-05,0.005,123,"{'alpha': 0.005, 'random_state': 123}",0.1481602682956913,-0.3687731241963219,0.7561338314448633,0.7006872159509605,-0.07338803486984857,-0.1464046522484419,0.03805751794307033,0.42032990711140716,0.5374048897948145,0.8459007665369055,0.28581085857631,0.40162985606547064,7
176,0.0065011739730834964,0.004148454584441772,0.0,0.0,0.005,666,"{'alpha': 0.005, 'random_state': 666}",0.1481602682956913,-0.3687731241963219,0.7561338314448633,0.7006872159509605,-0.07338803486984857,-0.1464046522484419,0.03805751794307033,0.42032990711140716,0.5374048897948145,0.8459007665369055,0.28581085857631,0.40162985606547064,7
177,0.00621190071105957,0.0073260435976429845,0.0,0.0,0.005,123123,"{'alpha': 0.005, 'random_state': 123123}",0.1481602682956913,-0.3687731241963219,0.7561338314448633,0.7006872159509605,-0.07338803486984857,-0.1464046522484419,0.03805751794307033,0.42032990711140716,0.5374048897948145,0.8459007665369055,0.28581085857631,0.40162985606547064,7
178,0.003774881362915039,0.006147985178638644,0.001558828353881836,0.0046764850616455075,0.005,777,"{'alpha': 0.005, 'random_state': 777}",0.1481602682956913,-0.3687731241963219,0.7561338314448633,0.7006872159509605,-0.07338803486984857,-0.1464046522484419,0.03805751794307033,0.42032990711140716,0.5374048897948145,0.8459007665369055,0.28581085857631,0.40162985606547064,7
179,0.006090879440307617,0.0074730514884361115,0.0015587568283081054,0.004676270484924317,0.005,69,"{'alpha': 0.005, 'random_state': 69}",0.1481602682956913,-0.3687731241963219,0.7561338314448633,0.7006872159509605,-0.07338803486984857,-0.1464046522484419,0.03805751794307033,0.42032990711140716,0.5374048897948145,0.8459007665369055,0.28581085857631,0.40162985606547064,7
180,0.00533754825592041,0.006997710919795997,0.0015621662139892578,0.004686498641967774,0.01,12345,"{'alpha': 0.01, 'random_state': 12345}",0.19764914973810588,-0.03770064087264435,0.7640303772719581,0.6888621872800333,0.03438552198048872,0.09994454946511,0.12540601539992557,0.47766145208539346,0.523491455972498,0.8480380340754057,0.37217681023962745,0.31014101545630535,1
181,0.004686474800109863,0.007158708506521602,0.0,0.0,0.01,123,"{'alpha': 0.01, 'random_state': 123}",0.19764914973810588,-0.03770064087264435,0.7640303772719581,0.6888621872800333,0.03438552198048872,0.09994454946511,0.12540601539992557,0.47766145208539346,0.523491455972498,0.8480380340754057,0.37217681023962745,0.31014101545630535,1
182,0.003775191307067871,0.006228620749736029,0.0,0.0,0.01,666,"{'alpha': 0.01, 'random_state': 666}",0.19764914973810588,-0.03770064087264435,0.7640303772719581,0.6888621872800333,0.03438552198048872,0.09994454946511,0.12540601539992557,0.47766145208539346,0.523491455972498,0.8480380340754057,0.37217681023962745,0.31014101545630535,1
183,0.0031242132186889648,0.0062484264430637025,0.001562190055847168,0.004686570167541504,0.01,123123,"{'alpha': 0.01, 'random_state': 123123}",0.19764914973810588,-0.03770064087264435,0.7640303772719581,0.6888621872800333,0.03438552198048872,0.09994454946511,0.12540601539992557,0.47766145208539346,0.523491455972498,0.8480380340754057,0.37217681023962745,0.31014101545630535,1
184,0.0031266212463378906,0.006253245550628748,0.0002011537551879883,0.0006034612655639648,0.01,777,"{'alpha': 0.01, 'random_state': 777}",0.19764914973810588,-0.03770064087264435,0.7640303772719581,0.6888621872800333,0.03438552198048872,0.09994454946511,0.12540601539992557,0.47766145208539346,0.523491455972498,0.8480380340754057,0.37217681023962745,0.31014101545630535,1
185,0.003012943267822266,0.0038306606571787524,0.0008019208908081055,0.0024057626724243164,0.01,69,"{'alpha': 0.01, 'random_state': 69}",0.19764914973810588,-0.03770064087264435,0.7640303772719581,0.6888621872800333,0.03438552198048872,0.09994454946511,0.12540601539992557,0.47766145208539346,0.523491455972498,0.8480380340754057,0.37217681023962745,0.31014101545630535,1
186,0.002012181282043457,0.003110522904251365,0.0,0.0,0.05,12345,"{'alpha': 0.05, 'random_state': 12345}",0.3248354599019031,-0.03268843449824277,0.42367266421696004,0.3650716184867756,-0.1028689253988242,-0.11802287400503486,0.0816024191625877,0.281613309877644,0.3173468190437594,0.49728498064561144,0.20378470374331395,0.21507165067456468,13
187,0.0020058393478393556,0.0031052745317926966,0.0,0.0,0.05,123,"{'alpha': 0.05, 'random_state': 123}",0.3248354599019031,-0.03268843449824277,0.42367266421696004,0.3650716184867756,-0.1028689253988242,-0.11802287400503486,0.0816024191625877,0.281613309877644,0.3173468190437594,0.49728498064561144,0.20378470374331395,0.21507165067456468,13
188,0.0012048006057739258,0.0024061080109083585,0.0008023262023925781,0.002406978607177734,0.05,666,"{'alpha': 0.05, 'random_state': 666}",0.3248354599019031,-0.03268843449824277,0.42367266421696004,0.3650716184867756,-0.1028689253988242,-0.11802287400503486,0.0816024191625877,0.281613309877644,0.3173468190437594,0.49728498064561144,0.20378470374331395,0.21507165067456468,13
189,0.0018040657043457032,0.003161832246293352,0.0,0.0,0.05,123123,"{'alpha': 0.05, 'random_state': 123123}",0.3248354599019031,-0.03268843449824277,0.42367266421696004,0.3650716184867756,-0.1028689253988242,-0.11802287400503486,0.0816024191625877,0.281613309877644,0.3173468190437594,0.49728498064561144,0.20378470374331395,0.21507165067456468,13
190,0.0011041879653930664,0.002390650738893626,0.00010080337524414063,0.00030241012573242184,0.05,777,"{'alpha': 0.05, 'random_state': 777}",0.3248354599019031,-0.03268843449824277,0.42367266421696004,0.3650716184867756,-0.1028689253988242,-0.11802287400503486,0.0816024191625877,0.281613309877644,0.3173468190437594,0.49728498064561144,0.20378470374331395,0.21507165067456468,13
191,0.0020061016082763674,0.003105136006582047,0.0,0.0,0.05,69,"{'alpha': 0.05, 'random_state': 69}",0.3248354599019031,-0.03268843449824277,0.42367266421696004,0.3650716184867756,-0.1028689253988242,-0.11802287400503486,0.0816024191625877,0.281613309877644,0.3173468190437594,0.49728498064561144,0.20378470374331395,0.21507165067456468,13
192,0.0010022640228271485,0.002412145098987439,0.00020112991333007813,0.0006033897399902344,0.1,12345,"{'alpha': 0.1, 'random_state': 12345}",0.08490840149126655,0.03744212745560416,-0.04775995509378772,-0.0013520675264770965,0.04548401619190412,0.09352448506195987,-0.022637744283602546,-0.05115059396778232,0.031107033113255356,-0.030616854428729745,0.013894884801361062,0.04981267686212588,25
193,0.0010041475296020507,0.002416550707923483,0.0,0.0,0.1,123,"{'alpha': 0.1, 'random_state': 123}",0.08490840149126655,0.03744212745560416,-0.04775995509378772,-0.0013520675264770965,0.04548401619190412,0.09352448506195987,-0.022637744283602546,-0.05115059396778232,0.031107033113255356,-0.030616854428729745,0.013894884801361062,0.04981267686212588,25
194,0.002006077766418457,0.003104997466586959,0.0,0.0,0.1,666,"{'alpha': 0.1, 'random_state': 666}",0.08490840149126655,0.03744212745560416,-0.04775995509378772,-0.0013520675264770965,0.04548401619190412,0.09352448506195987,-0.022637744283602546,-0.05115059396778232,0.031107033113255356,-0.030616854428729745,0.013894884801361062,0.04981267686212588,25
195,0.0012034177780151367,0.002404155444075366,0.0008060693740844727,0.0024182081222534177,0.1,123123,"{'alpha': 0.1, 'random_state': 123123}",0.08490840149126655,0.03744212745560416,-0.04775995509378772,-0.0013520675264770965,0.04548401619190412,0.09352448506195987,-0.022637744283602546,-0.05115059396778232,0.031107033113255356,-0.030616854428729745,0.013894884801361062,0.04981267686212588,25
196,0.0018118858337402345,0.003176040681644012,0.0002023935317993164,0.0006071805953979493,0.1,777,"{'alpha': 0.1, 'random_state': 777}",0.08490840149126655,0.03744212745560416,-0.04775995509378772,-0.0013520675264770965,0.04548401619190412,0.09352448506195987,-0.022637744283602546,-0.05115059396778232,0.031107033113255356,-0.030616854428729745,0.013894884801361062,0.04981267686212588,25
197,0.0012042999267578125,0.0024053447072854297,0.0,0.0,0.1,69,"{'alpha': 0.1, 'random_state': 69}",0.08490840149126655,0.03744212745560416,-0.04775995509378772,-0.0013520675264770965,0.04548401619190412,0.09352448506195987,-0.022637744283602546,-0.05115059396778232,0.031107033113255356,-0.030616854428729745,0.013894884801361062,0.04981267686212588,25
198,0.0008023738861083985,0.002407121658325195,0.00020110607147216797,0.0006033182144165039,0.5,12345,"{'alpha': 0.5, 'random_state': 12345}",-0.10450983604826858,-0.04616958296850737,-0.05235017557565569,-0.0013520675264770965,-0.06044267521465674,-0.024240607394026004,-0.022802110726483527,-0.194173332909382,-0.10264406047686259,-0.060840805079527494,-0.06695252539198471,0.052603658468433165,31
199,0.00120391845703125,0.0024055139106935702,0.0008011579513549805,0.0024034738540649418,0.5,123,"{'alpha': 0.5, 'random_state': 123}",-0.10450983604826858,-0.04616958296850737,-0.05235017557565569,-0.0013520675264770965,-0.06044267521465674,-0.024240607394026004,-0.022802110726483527,-0.194173332909382,-0.10264406047686259,-0.060840805079527494,-0.06695252539198471,0.052603658468433165,31
200,0.001604175567626953,0.0032083513903834616,0.00020110607147216797,0.0006033182144165039,0.5,666,"{'alpha': 0.5, 'random_state': 666}",-0.10450983604826858,-0.04616958296850737,-0.05235017557565569,-0.0013520675264770965,-0.06044267521465674,-0.024240607394026004,-0.022802110726483527,-0.194173332909382,-0.10264406047686259,-0.060840805079527494,-0.06695252539198471,0.052603658468433165,31
201,0.00020151138305664064,0.0006045341491699219,0.0010027170181274414,0.002413342818325099,0.5,123123,"{'alpha': 0.5, 'random_state': 123123}",-0.10450983604826858,-0.04616958296850737,-0.05235017557565569,-0.0013520675264770965,-0.06044267521465674,-0.024240607394026004,-0.022802110726483527,-0.194173332909382,-0.10264406047686259,-0.060840805079527494,-0.06695252539198471,0.052603658468433165,31
202,0.0008176326751708985,0.0024528980255126955,0.0010032415390014648,0.0030097246170043947,0.5,777,"{'alpha': 0.5, 'random_state': 777}",-0.10450983604826858,-0.04616958296850737,-0.05235017557565569,-0.0013520675264770965,-0.06044267521465674,-0.024240607394026004,-0.022802110726483527,-0.194173332909382,-0.10264406047686259,-0.060840805079527494,-0.06695252539198471,0.052603658468433165,31
203,0.0015648126602172852,0.004694437980651855,0.0,0.0,0.5,69,"{'alpha': 0.5, 'random_state': 69}",-0.10450983604826858,-0.04616958296850737,-0.05235017557565569,-0.0013520675264770965,-0.06044267521465674,-0.024240607394026004,-0.022802110726483527,-0.194173332909382,-0.10264406047686259,-0.060840805079527494,-0.06695252539198471,0.052603658468433165,31
204,0.002085161209106445,0.0047686534474035164,0.0,0.0,1,12345,"{'alpha': 1, 'random_state': 12345}",-0.10450983604826858,-0.04616958296850737,-0.05235017557565569,-0.0013520675264770965,-0.06044267521465674,-0.024240607394026004,-0.022802110726483527,-0.194173332909382,-0.10264406047686259,-0.060840805079527494,-0.06695252539198471,0.052603658468433165,31
205,0.00040900707244873047,0.0008180141883284164,0.0,0.0,1,123,"{'alpha': 1, 'random_state': 123}",-0.10450983604826858,-0.04616958296850737,-0.05235017557565569,-0.0013520675264770965,-0.06044267521465674,-0.024240607394026004,-0.022802110726483527,-0.194173332909382,-0.10264406047686259,-0.060840805079527494,-0.06695252539198471,0.052603658468433165,31
206,0.0025130748748779298,0.00520868124270275,0.0015621185302734375,0.0046863555908203125,1,666,"{'alpha': 1, 'random_state': 666}",-0.10450983604826858,-0.04616958296850737,-0.05235017557565569,-0.0013520675264770965,-0.06044267521465674,-0.024240607394026004,-0.022802110726483527,-0.194173332909382,-0.10264406047686259,-0.060840805079527494,-0.06695252539198471,0.052603658468433165,31
207,0.001562786102294922,0.004688358306884765,0.0,0.0,1,123123,"{'alpha': 1, 'random_state': 123123}",-0.10450983604826858,-0.04616958296850737,-0.05235017557565569,-0.0013520675264770965,-0.06044267521465674,-0.024240607394026004,-0.022802110726483527,-0.194173332909382,-0.10264406047686259,-0.060840805079527494,-0.06695252539198471,0.052603658468433165,31
208,0.003124380111694336,0.006248760224298346,0.0,0.0,1,777,"{'alpha': 1, 'random_state': 777}",-0.10450983604826858,-0.04616958296850737,-0.05235017557565569,-0.0013520675264770965,-0.06044267521465674,-0.024240607394026004,-0.022802110726483527,-0.194173332909382,-0.10264406047686259,-0.060840805079527494,-0.06695252539198471,0.052603658468433165,31
209,0.0015621185302734375,0.0046863555908203125,0.0,0.0,1,69,"{'alpha': 1, 'random_state': 69}",-0.10450983604826858,-0.04616958296850737,-0.05235017557565569,-0.0013520675264770965,-0.06044267521465674,-0.024240607394026004,-0.022802110726483527,-0.194173332909382,-0.10264406047686259,-0.060840805079527494,-0.06695252539198471,0.052603658468433165,31
